{
    "name": "plusgrade",
    "description": "Reads from a CSV and combines the results of a couple APIs",
    "tasks": {
        "Extract": {
            "status": "Success",
            "execution_time (sec)": 0.016442298889160156,
            "processed_items": 4335,
            "throughput (item/sec)": 263649.2639638072
        },
        "Transform": {
            "status": "Success",
            "execution_time (sec)": 0.052969932556152344,
            "processed_items": 890,
            "throughput (item/sec)": 16801.984768557693
        },
        "ATS Predict": {
            "status": "Success",
            "execution_time (sec)": 0.5457611083984375,
            "processed_items": 890,
            "throughput (item/sec)": 1630.7501328039814
        },
        "RESP Predict": {
            "status": "Success",
            "execution_time (sec)": 0.5411241054534912,
            "processed_items": 890,
            "throughput (item/sec)": 1644.724363654308
        },
        "ATS-RESP Combiner": {
            "status": "Success",
            "execution_time (sec)": 0.0006237030029296875,
            "processed_items": 890,
            "throughput (item/sec)": 1426961.2232415902
        },
        "Offer Recommendation": {
            "status": "Success",
            "execution_time (sec)": 0.270798921585083,
            "processed_items": 890,
            "throughput (item/sec)": 3286.5714338539883
        },
        "Load": {
            "status": "Success",
            "execution_time (sec)": 0.005280017852783203,
            "processed_items": 890,
            "throughput (item/sec)": 168560.03612390498
        }
    },
    "total_execution_time (sec)": 0.8926370143890381
}