{
    "name": "plusgrade",
    "description": "Reads from a CSV and combines the results of a couple APIs",
    "tasks": {
        "Extract": {
            "status": "Success",
            "execution_time (sec)": 0.022100210189819336,
            "processed_items": 4335,
            "throughput (item/sec)": 196151.98058147688
        },
        "Transform": {
            "status": "Success",
            "execution_time (sec)": 0.04362010955810547,
            "processed_items": 890,
            "throughput (item/sec)": 20403.433393821466
        },
        "ATS Predict": {
            "status": "Success",
            "execution_time (sec)": 0.5330679416656494,
            "processed_items": 890,
            "throughput (item/sec)": 1669.5807990611172
        },
        "RESP Predict": {
            "status": "Success",
            "execution_time (sec)": 0.5340137481689453,
            "processed_items": 890,
            "throughput (item/sec)": 1666.6237583801526
        },
        "ATS-RESP Combiner": {
            "status": "Success",
            "execution_time (sec)": 0.000804901123046875,
            "processed_items": 890,
            "throughput (item/sec)": 1105725.8767772513
        },
        "Offer Recommendation": {
            "status": "Success",
            "execution_time (sec)": 0.27390408515930176,
            "processed_items": 890,
            "throughput (item/sec)": 3249.312617890963
        },
        "Load": {
            "status": "Success",
            "execution_time (sec)": 0.0042612552642822266,
            "processed_items": 890,
            "throughput (item/sec)": 208858.6448833436
        }
    },
    "total_execution_time (sec)": 0.8794989585876465
}